2025-06-29 21-24-32,snapshot_2025-06-29_21-24-32.jpg
2025-06-29 21-24-42,snapshot_2025-06-29_21-24-42.jpg
2025-06-29 21-24-58,snapshot_2025-06-29_21-24-58.jpg
2025-06-29 21-25-14,snapshot_2025-06-29_21-25-14.jpg
2025-06-29 21-25-25,snapshot_2025-06-29_21-25-25.jpg
2025-06-29 21-25-48,snapshot_2025-06-29_21-25-48.jpg
2025-06-29 21-26-03,snapshot_2025-06-29_21-26-03.jpg
2025-06-29 21-26-18,snapshot_2025-06-29_21-26-18.jpg
2025-06-29 21-26-36,snapshot_2025-06-29_21-26-36.jpg
2025-06-29 21-26-47,snapshot_2025-06-29_21-26-47.jpg
2025-06-29 21-26-57,snapshot_2025-06-29_21-26-57.jpg
2025-06-29 21-27-09,snapshot_2025-06-29_21-27-09.jpg
2025-06-29 21-27-20,snapshot_2025-06-29_21-27-20.jpg
2025-06-29 21-27-32,snapshot_2025-06-29_21-27-32.jpg
2025-06-29 21-27-49,snapshot_2025-06-29_21-27-49.jpg
2025-06-29 21-27-59,snapshot_2025-06-29_21-27-59.jpg
2025-06-29 21-28-10,snapshot_2025-06-29_21-28-10.jpg
2025-06-29 21-28-20,snapshot_2025-06-29_21-28-20.jpg
2025-06-29 21-28-30,snapshot_2025-06-29_21-28-30.jpg
2025-06-29 21-28-40,snapshot_2025-06-29_21-28-40.jpg
2025-06-29 21-28-50,snapshot_2025-06-29_21-28-50.jpg
2025-06-29 21-29-00,snapshot_2025-06-29_21-29-00.jpg
2025-06-29 21-29-10,snapshot_2025-06-29_21-29-10.jpg
2025-06-29 21-29-20,snapshot_2025-06-29_21-29-20.jpg
2025-06-29 21-29-30,snapshot_2025-06-29_21-29-30.jpg
2025-06-29 21-29-40,snapshot_2025-06-29_21-29-40.jpg
2025-06-29 21-29-57,snapshot_2025-06-29_21-29-57.jpg
2025-06-29 21-30-11,snapshot_2025-06-29_21-30-11.jpg
2025-06-29 21-30-28,snapshot_2025-06-29_21-30-28.jpg
2025-06-29 21-30-42,snapshot_2025-06-29_21-30-42.jpg
2025-06-29 21-30-58,snapshot_2025-06-29_21-30-58.jpg
2025-06-29 21-31-10,snapshot_2025-06-29_21-31-10.jpg
2025-06-29 21-31-20,snapshot_2025-06-29_21-31-20.jpg
2025-06-29 21-31-30,snapshot_2025-06-29_21-31-30.jpg
2025-06-29 21-31-40,snapshot_2025-06-29_21-31-40.jpg
2025-06-29 21-31-50,snapshot_2025-06-29_21-31-50.jpg
2025-06-29 21-32-00,snapshot_2025-06-29_21-32-00.jpg
2025-06-29 21-32-10,snapshot_2025-06-29_21-32-10.jpg
2025-06-29 21-32-20,snapshot_2025-06-29_21-32-20.jpg
2025-06-29 21-32-30,snapshot_2025-06-29_21-32-30.jpg
2025-06-29 21-32-40,snapshot_2025-06-29_21-32-40.jpg
2025-06-29 21-32-50,snapshot_2025-06-29_21-32-50.jpg
2025-06-29 21-33-00,snapshot_2025-06-29_21-33-00.jpg
2025-06-29 21-33-10,snapshot_2025-06-29_21-33-10.jpg
2025-06-29 21-33-21,snapshot_2025-06-29_21-33-21.jpg
2025-06-29 21-33-31,snapshot_2025-06-29_21-33-31.jpg
2025-06-29 21-33-43,snapshot_2025-06-29_21-33-43.jpg
2025-06-29 21-33-53,snapshot_2025-06-29_21-33-53.jpg
2025-06-29 21-34-03,snapshot_2025-06-29_21-34-03.jpg
2025-06-29 21-34-13,snapshot_2025-06-29_21-34-13.jpg
2025-06-29 21-34-26,snapshot_2025-06-29_21-34-26.jpg
2025-06-29 21-34-36,snapshot_2025-06-29_21-34-36.jpg
2025-06-29 21-34-49,snapshot_2025-06-29_21-34-49.jpg
2025-06-29 21-35-01,snapshot_2025-06-29_21-35-01.jpg
2025-06-29 21-35-11,snapshot_2025-06-29_21-35-11.jpg
2025-06-29 21-35-22,snapshot_2025-06-29_21-35-22.jpg
2025-06-29 21-35-32,snapshot_2025-06-29_21-35-32.jpg
2025-06-29 21-35-42,snapshot_2025-06-29_21-35-42.jpg
2025-06-29 21-35-52,snapshot_2025-06-29_21-35-52.jpg
2025-06-29 21-36-03,snapshot_2025-06-29_21-36-03.jpg
2025-06-29 21-36-13,snapshot_2025-06-29_21-36-13.jpg
2025-06-29 21-36-23,snapshot_2025-06-29_21-36-23.jpg
2025-06-29 21-36-40,snapshot_2025-06-29_21-36-40.jpg
2025-06-29 21-37-00,snapshot_2025-06-29_21-37-00.jpg
2025-06-29 21-37-13,snapshot_2025-06-29_21-37-13.jpg
2025-06-29 21-37-23,snapshot_2025-06-29_21-37-23.jpg
2025-06-29 21-37-33,snapshot_2025-06-29_21-37-33.jpg
2025-06-29 21-37-43,snapshot_2025-06-29_21-37-43.jpg
2025-06-29 21-37-54,snapshot_2025-06-29_21-37-54.jpg
2025-06-29 21-38-10,snapshot_2025-06-29_21-38-10.jpg
2025-06-29 21-38-20,snapshot_2025-06-29_21-38-20.jpg
2025-06-29 21-38-30,snapshot_2025-06-29_21-38-30.jpg
2025-06-29 21-38-41,snapshot_2025-06-29_21-38-41.jpg
2025-06-29 21-38-56,snapshot_2025-06-29_21-38-56.jpg
2025-06-29 21-39-08,snapshot_2025-06-29_21-39-08.jpg
2025-06-29 21-39-22,snapshot_2025-06-29_21-39-22.jpg
2025-06-29 21-39-32,snapshot_2025-06-29_21-39-32.jpg
2025-06-29 21-39-43,snapshot_2025-06-29_21-39-43.jpg
2025-06-29 21-39-56,snapshot_2025-06-29_21-39-56.jpg
2025-06-29 21-40-06,snapshot_2025-06-29_21-40-06.jpg
2025-06-29 21-40-16,snapshot_2025-06-29_21-40-16.jpg
2025-06-29 21-40-26,snapshot_2025-06-29_21-40-26.jpg
2025-06-29 21-40-36,snapshot_2025-06-29_21-40-36.jpg
2025-06-29 21-40-52,snapshot_2025-06-29_21-40-52.jpg
2025-06-29 21-41-07,snapshot_2025-06-29_21-41-07.jpg
2025-06-29 21-41-17,snapshot_2025-06-29_21-41-17.jpg
2025-06-29 21-41-27,snapshot_2025-06-29_21-41-27.jpg
2025-06-29 21-41-37,snapshot_2025-06-29_21-41-37.jpg
2025-06-29 21-41-47,snapshot_2025-06-29_21-41-47.jpg
2025-06-29 21-41-57,snapshot_2025-06-29_21-41-57.jpg
2025-06-29 21-42-07,snapshot_2025-06-29_21-42-07.jpg
2025-06-29 21-42-17,snapshot_2025-06-29_21-42-17.jpg
2025-06-29 21-42-27,snapshot_2025-06-29_21-42-27.jpg
2025-06-29 21-42-37,snapshot_2025-06-29_21-42-37.jpg
2025-06-29 21-42-47,snapshot_2025-06-29_21-42-47.jpg
2025-06-29 21-42-57,snapshot_2025-06-29_21-42-57.jpg
2025-06-29 21-43-07,snapshot_2025-06-29_21-43-07.jpg
2025-06-29 21-43-17,snapshot_2025-06-29_21-43-17.jpg
2025-06-29 21-43-27,snapshot_2025-06-29_21-43-27.jpg
2025-06-29 21-43-37,snapshot_2025-06-29_21-43-37.jpg
2025-06-29 21-43-47,snapshot_2025-06-29_21-43-47.jpg
2025-06-29 21-43-57,snapshot_2025-06-29_21-43-57.jpg
2025-06-29 21-44-07,snapshot_2025-06-29_21-44-07.jpg
2025-06-29 21-44-17,snapshot_2025-06-29_21-44-17.jpg
2025-06-29 21-44-29,snapshot_2025-06-29_21-44-29.jpg
2025-06-29 21-44-39,snapshot_2025-06-29_21-44-39.jpg
2025-06-29 21-44-49,snapshot_2025-06-29_21-44-49.jpg
2025-06-29 21-45-02,snapshot_2025-06-29_21-45-02.jpg
2025-06-29 21-45-12,snapshot_2025-06-29_21-45-12.jpg
2025-06-29 21-45-22,snapshot_2025-06-29_21-45-22.jpg
2025-06-29 21-45-32,snapshot_2025-06-29_21-45-32.jpg
2025-06-29 21-45-42,snapshot_2025-06-29_21-45-42.jpg
2025-06-29 21-45-52,snapshot_2025-06-29_21-45-52.jpg
2025-06-29 21-46-02,snapshot_2025-06-29_21-46-02.jpg
2025-06-29 21-46-12,snapshot_2025-06-29_21-46-12.jpg
2025-06-29 21-46-22,snapshot_2025-06-29_21-46-22.jpg
2025-06-29 21-46-32,snapshot_2025-06-29_21-46-32.jpg
2025-06-29 21-46-42,snapshot_2025-06-29_21-46-42.jpg
2025-06-29 21-46-53,snapshot_2025-06-29_21-46-53.jpg
2025-06-29 21-47-03,snapshot_2025-06-29_21-47-03.jpg
2025-06-29 21-47-13,snapshot_2025-06-29_21-47-13.jpg
2025-06-29 21-47-23,snapshot_2025-06-29_21-47-23.jpg
2025-06-29 21-47-37,snapshot_2025-06-29_21-47-37.jpg
2025-06-29 21-47-48,snapshot_2025-06-29_21-47-48.jpg
2025-06-29 21-48-00,snapshot_2025-06-29_21-48-00.jpg
2025-06-29 21-48-11,snapshot_2025-06-29_21-48-11.jpg
2025-06-29 21-48-21,snapshot_2025-06-29_21-48-21.jpg
2025-06-29 21-48-31,snapshot_2025-06-29_21-48-31.jpg
2025-06-29 21-48-41,snapshot_2025-06-29_21-48-41.jpg
2025-06-29 21-49-00,snapshot_2025-06-29_21-49-00.jpg
2025-06-29 21-49-16,snapshot_2025-06-29_21-49-16.jpg
2025-06-29 21-49-26,snapshot_2025-06-29_21-49-26.jpg
2025-06-29 21-49-38,snapshot_2025-06-29_21-49-38.jpg
2025-06-29 21-49-52,snapshot_2025-06-29_21-49-52.jpg
2025-06-29 21-50-02,snapshot_2025-06-29_21-50-02.jpg
2025-06-29 21-50-22,snapshot_2025-06-29_21-50-22.jpg
2025-06-29 21-50-32,snapshot_2025-06-29_21-50-32.jpg
2025-06-29 21-50-45,snapshot_2025-06-29_21-50-45.jpg
2025-06-29 21-50-56,snapshot_2025-06-29_21-50-56.jpg
2025-06-29 21-51-14,snapshot_2025-06-29_21-51-14.jpg
2025-06-29 21-51-25,snapshot_2025-06-29_21-51-25.jpg
2025-06-29 21-51-35,snapshot_2025-06-29_21-51-35.jpg
2025-06-29 21-51-45,snapshot_2025-06-29_21-51-45.jpg
2025-06-29 21-51-55,snapshot_2025-06-29_21-51-55.jpg
2025-06-29 21-52-05,snapshot_2025-06-29_21-52-05.jpg
2025-06-29 21-52-15,snapshot_2025-06-29_21-52-15.jpg
2025-06-29 21-52-25,snapshot_2025-06-29_21-52-25.jpg
2025-06-29 21-52-35,snapshot_2025-06-29_21-52-35.jpg
2025-06-29 21-52-45,snapshot_2025-06-29_21-52-45.jpg
2025-06-29 21-52-55,snapshot_2025-06-29_21-52-55.jpg
2025-06-29 21-53-05,snapshot_2025-06-29_21-53-05.jpg
2025-06-29 21-53-15,snapshot_2025-06-29_21-53-15.jpg
2025-06-29 21-53-25,snapshot_2025-06-29_21-53-25.jpg
2025-06-29 21-53-35,snapshot_2025-06-29_21-53-35.jpg
2025-06-29 21-53-45,snapshot_2025-06-29_21-53-45.jpg
2025-06-29 21-53-55,snapshot_2025-06-29_21-53-55.jpg
2025-06-29 21-54-05,snapshot_2025-06-29_21-54-05.jpg
2025-06-29 21-54-15,snapshot_2025-06-29_21-54-15.jpg
2025-06-29 21-54-26,snapshot_2025-06-29_21-54-26.jpg
2025-06-29 21-54-36,snapshot_2025-06-29_21-54-36.jpg
2025-06-29 21-54-46,snapshot_2025-06-29_21-54-46.jpg
2025-06-29 21-54-56,snapshot_2025-06-29_21-54-56.jpg
2025-06-29 21-55-06,snapshot_2025-06-29_21-55-06.jpg
2025-06-29 21-55-16,snapshot_2025-06-29_21-55-16.jpg
2025-06-29 21-55-26,snapshot_2025-06-29_21-55-26.jpg
2025-06-29 21-55-36,snapshot_2025-06-29_21-55-36.jpg
2025-06-29 21-55-47,snapshot_2025-06-29_21-55-47.jpg
2025-06-29 21-55-57,snapshot_2025-06-29_21-55-57.jpg
2025-06-29 21-56-07,snapshot_2025-06-29_21-56-07.jpg
2025-06-29 21-56-17,snapshot_2025-06-29_21-56-17.jpg
2025-06-29 21-56-27,snapshot_2025-06-29_21-56-27.jpg
2025-06-29 21-56-37,snapshot_2025-06-29_21-56-37.jpg
2025-06-29 21-56-47,snapshot_2025-06-29_21-56-47.jpg
2025-06-29 21-56-57,snapshot_2025-06-29_21-56-57.jpg
2025-06-29 21-57-07,snapshot_2025-06-29_21-57-07.jpg
2025-06-29 21-57-18,snapshot_2025-06-29_21-57-18.jpg
2025-06-29 21-57-28,snapshot_2025-06-29_21-57-28.jpg
2025-06-29 21-57-38,snapshot_2025-06-29_21-57-38.jpg
2025-06-29 21-57-53,snapshot_2025-06-29_21-57-53.jpg
2025-06-29 21-58-21,snapshot_2025-06-29_21-58-21.jpg
2025-06-29 21-58-31,snapshot_2025-06-29_21-58-31.jpg
2025-06-29 21-58-41,snapshot_2025-06-29_21-58-41.jpg
2025-06-29 21-58-52,snapshot_2025-06-29_21-58-52.jpg
2025-06-29 21-59-03,snapshot_2025-06-29_21-59-03.jpg
2025-06-29 21-59-13,snapshot_2025-06-29_21-59-13.jpg
2025-06-29 21-59-37,snapshot_2025-06-29_21-59-37.jpg
2025-06-29 21-59-48,snapshot_2025-06-29_21-59-48.jpg
2025-06-29 21-59-59,snapshot_2025-06-29_21-59-59.jpg
2025-06-29 22-00-10,snapshot_2025-06-29_22-00-10.jpg
2025-06-29 22-00-20,snapshot_2025-06-29_22-00-20.jpg
2025-06-29 22-00-35,snapshot_2025-06-29_22-00-35.jpg
2025-06-29 22-00-46,snapshot_2025-06-29_22-00-46.jpg
2025-06-29 22-01-02,snapshot_2025-06-29_22-01-02.jpg
2025-06-29 22-01-25,snapshot_2025-06-29_22-01-25.jpg
2025-06-29 22-01-40,snapshot_2025-06-29_22-01-40.jpg
2025-06-29 22-15-04,snapshot_2025-06-29_22-15-04.jpg
2025-06-29 22-15-16,snapshot_2025-06-29_22-15-16.jpg
2025-06-29 22-15-26,snapshot_2025-06-29_22-15-26.jpg
2025-06-29 22-15-36,snapshot_2025-06-29_22-15-36.jpg
2025-06-29 22-15-46,snapshot_2025-06-29_22-15-46.jpg
2025-06-29 22-15-56,snapshot_2025-06-29_22-15-56.jpg
2025-06-29 22-16-09,snapshot_2025-06-29_22-16-09.jpg
2025-06-29 22-16-34,snapshot_2025-06-29_22-16-34.jpg
2025-06-29 22-17-16,snapshot_2025-06-29_22-17-16.jpg
2025-06-29 22-17-28,snapshot_2025-06-29_22-17-28.jpg
2025-06-29 22-17-39,snapshot_2025-06-29_22-17-39.jpg
2025-06-29 22-17-49,snapshot_2025-06-29_22-17-49.jpg
2025-06-29 22-18-53,snapshot_2025-06-29_22-18-53.jpg
2025-06-29 22-19-03,snapshot_2025-06-29_22-19-03.jpg
2025-06-29 22-19-13,snapshot_2025-06-29_22-19-13.jpg
2025-06-29 22-19-23,snapshot_2025-06-29_22-19-23.jpg
2025-06-29 22-19-33,snapshot_2025-06-29_22-19-33.jpg
2025-06-29 22-19-43,snapshot_2025-06-29_22-19-43.jpg
2025-06-29 22-19-54,snapshot_2025-06-29_22-19-54.jpg
2025-06-29 22-20-04,snapshot_2025-06-29_22-20-04.jpg
2025-06-29 22-20-14,snapshot_2025-06-29_22-20-14.jpg
